package	version	sha256	source_url
BiocManager	1.30.27	edb0a4b8bdf0fbeb2a9974b297614a4938c8191e5bd6462c37f87b4cd721a975	https://cloud.r-project.org/bin/windows/contrib/4.6/BiocManager_1.30.27.zip
BiocVersion	3.23.1	e5e5fc60309103fc40dfebf08842c357860ad09139ffcb58b54e3d0ff1e58e0f	https://bioconductor.org/packages/3.23/bioc/bin/windows/contrib/4.6/BiocVersion_3.23.1.zip
DT	0.34.0	7eed781db4b91bf1d7eff0af85047b79d92385a2b20dbbc1320a462397779c4c	https://cloud.r-project.org/bin/windows/contrib/4.6/DT_0.34.0.zip
R6	2.6.1	71e54f67950c118f7d3a02c0640fd5d1ce0d372a7b71cf7bdef57628464b7cd0	https://cloud.r-project.org/bin/windows/contrib/4.6/R6_2.6.1.zip
RColorBrewer	1.1-3	b8880e323f75149e90e0300684626a3de0692523a972932b27b7474dfa6beac7	https://cloud.r-project.org/bin/windows/contrib/4.6/RColorBrewer_1.1-3.zip
Rcpp	1.1.2	6ad0ecae04aae99aabe1d58ba1024a65c83700d65a448250219b2c31cf979406	https://cloud.r-project.org/bin/windows/contrib/4.6/Rcpp_1.1.2.zip
S7	0.2.2	da012718215904b367169c80675c3b11c0774afbb25e8c3fa0ce62c08268bbcb	https://cloud.r-project.org/bin/windows/contrib/4.6/S7_0.2.2.zip
askpass	1.2.1	e31ffecd8b6a3d6d57a530fbe626610f3198b632d71f687939508aaac1f34af9	https://cloud.r-project.org/bin/windows/contrib/4.6/askpass_1.2.1.zip
base64enc	0.1-6	546152c4598bf8e108f1154d27c0b5ef927318a31ca71b336c7ede22bb04dab8	https://cloud.r-project.org/bin/windows/contrib/4.6/base64enc_0.1-6.zip
bslib	0.12.0	35aa9463997607db641c12fdb87d7e005b0c226732a79bea318cacfd7516fe4d	https://cloud.r-project.org/bin/windows/contrib/4.6/bslib_0.12.0.zip
cachem	1.1.0	5b5566eed91b3bd2966b4b006d3c8e08637a85646f0a4930ff4169cf2335437b	https://cloud.r-project.org/bin/windows/contrib/4.6/cachem_1.1.0.zip
cellranger	1.1.0	76d8daaed4b3848a14544d577ab1435f0746d73ddd366eddbc9177bbfc859787	https://cloud.r-project.org/bin/windows/contrib/4.6/cellranger_1.1.0.zip
cli	3.6.6	16e1bdf9ad2fa9e7a0197b08e2a2d2746afd0340e0d219d0f95d653a09da392a	https://cloud.r-project.org/bin/windows/contrib/4.6/cli_3.6.6.zip
commonmark	2.0.0	11c50c70e35fa2f8b96fbf2b8037dfc159ca86d60ba3097f59a58ca8bac0699a	https://cloud.r-project.org/bin/windows/contrib/4.6/commonmark_2.0.0.zip
cpp11	0.5.5	3e6d8354b97b860c3c34e635a15b3ebea9d0d2f94be0addd873183715931488c	https://cloud.r-project.org/bin/windows/contrib/4.6/cpp11_0.5.5.zip
crayon	1.5.3	afc3b149ac6a4f64a464068e97efd40073b0ccd80aa850cf1461e3979feadd05	https://cloud.r-project.org/bin/windows/contrib/4.6/crayon_1.5.3.zip
crosstalk	1.2.2	dd88f757723ff4b10e1552794bfed33cfcee412089da2ed3e919ddcd79d48de7	https://cloud.r-project.org/bin/windows/contrib/4.6/crosstalk_1.2.2.zip
curl	8.0.0	f8332a0cae82de216958a59c807c7827c06d146c977a06409de50b7edff00fd8	https://cloud.r-project.org/bin/windows/contrib/4.6/curl_8.0.0.zip
data.table	1.18.6.1	068fe692db49b52ac83e54ea16dcecaaed65dbc2227228257be0628d0096701e	https://cloud.r-project.org/bin/windows/contrib/4.6/data.table_1.18.6.1.zip
digest	0.6.39	057b2629b6077bcf4173519dbfedbf4a2a2ba886678a8225e748c034ae275b56	https://cloud.r-project.org/bin/windows/contrib/4.6/digest_0.6.39.zip
dplyr	1.2.1	1206c66a15b5d13181c65de3a4e61289a44129c6bcfdcb1c657f94af94f54cb1	https://cloud.r-project.org/bin/windows/contrib/4.6/dplyr_1.2.1.zip
edgeR	4.10.1	e3aba4c0397ae772245adb318bf8cbb742e8cff86ded1911e84a3cde2e51f8a6	https://bioconductor.org/packages/3.23/bioc/bin/windows/contrib/4.6/edgeR_4.10.1.zip
evaluate	1.0.5	56916b0ab6a5b21a0307ff15b9d55647c714d0abf76691de3062185654617b98	https://cloud.r-project.org/bin/windows/contrib/4.6/evaluate_1.0.5.zip
farver	2.1.2	c529e1921587d0eadb48507d7136db2f4769d6106363726ae8bd9fa91793f139	https://cloud.r-project.org/bin/windows/contrib/4.6/farver_2.1.2.zip
fastmap	1.2.0	86f29ef7cac51e52ffc50def15cfe3c5446ba428f8ebfaee0105f7d71a5aafd4	https://cloud.r-project.org/bin/windows/contrib/4.6/fastmap_1.2.0.zip
fontawesome	0.5.3	549a532c44591e757577dba144b20ee4d4eb0b8c8e80f99f35acff4e87e7876e	https://cloud.r-project.org/bin/windows/contrib/4.6/fontawesome_0.5.3.zip
fs	2.1.0	c4675f8a0af6c6395d940f7984487f73173ec3732b1639d5b01de68e51d3c1c5	https://cloud.r-project.org/bin/windows/contrib/4.6/fs_2.1.0.zip
generics	0.1.4	068f00b1cd0bc0fbeea1731f6172f8ed28fde23781aced0406bc0ec02cb6a14e	https://cloud.r-project.org/bin/windows/contrib/4.6/generics_0.1.4.zip
ggplot2	4.0.3	f14c0c93a11a89956b9fd116afd89e5e9492033797ca4f72063abc5510a03044	https://cloud.r-project.org/bin/windows/contrib/4.6/ggplot2_4.0.3.zip
glue	1.8.1	0594091547f1c804019e24d943e911434b696a9a1f53aad92cb4d49258753d0f	https://cloud.r-project.org/bin/windows/contrib/4.6/glue_1.8.1.zip
gtable	0.3.6	f2f040952e94a64b14a2c8128c4b39dcccba7e56b085c34b910507c0322a3d90	https://cloud.r-project.org/bin/windows/contrib/4.6/gtable_0.3.6.zip
highr	0.12	1ac2fee027a69385393648d18ce87f31c5caf7e3bbd51d310c87c460c2ff20d7	https://cloud.r-project.org/bin/windows/contrib/4.6/highr_0.12.zip
hms	1.1.4	3afaef7f830673af6dc73f92f5713ba18bd526f5de85902ed4200fbd793cfed0	https://cloud.r-project.org/bin/windows/contrib/4.6/hms_1.1.4.zip
htmltools	0.5.9	aed5b63957cfc5d72afc7fd0a81ac58198b3ad9f3516cd509f960dd39296380f	https://cloud.r-project.org/bin/windows/contrib/4.6/htmltools_0.5.9.zip
htmlwidgets	1.6.4	40b7224c4c2acfd954d67d1f42551cc0688f4e15e3801eaf91a75d7cb98169f3	https://cloud.r-project.org/bin/windows/contrib/4.6/htmlwidgets_1.6.4.zip
httpuv	1.6.17	bfdd6b7d709dc26e20913a3e73e04a51c0ce6ed41efae3db6c3092d225765c1c	https://cloud.r-project.org/bin/windows/contrib/4.6/httpuv_1.6.17.zip
httr	1.4.9	dc35a8382ae460a7f15dda009f767b9e6ee0abe8f5a63b870eb91f910993170d	https://cloud.r-project.org/bin/windows/contrib/4.6/httr_1.4.9.zip
isoband	0.3.0	42281660c535b18f9ce9cc27073809df6c9d463d1e04f4d59a33f3b9f78def1a	https://cloud.r-project.org/bin/windows/contrib/4.6/isoband_0.3.0.zip
jquerylib	0.1.4	d0c434e0ff74c2201d98e71c152b251416c9465f3e387704cb46f9bbeb3c267c	https://cloud.r-project.org/bin/windows/contrib/4.6/jquerylib_0.1.4.zip
jsonlite	2.0.0	12700d804d9404c4e61f3a459751c1de25b5aeea367b15ccd12daa9d0b1a4ab7	https://cloud.r-project.org/bin/windows/contrib/4.6/jsonlite_2.0.0.zip
knitr	1.51	42706d899f6e0cd538683548a66f889570e20a4ab0c2073e6ca23b691079309a	https://cloud.r-project.org/bin/windows/contrib/4.6/knitr_1.51.zip
labeling	0.4.3	a5d4772de28813c6730a37e5a4b9605cf1b941344a319e56af7bacf4680ea82e	https://cloud.r-project.org/bin/windows/contrib/4.6/labeling_0.4.3.zip
later	1.4.8	11c9122582b170dbe957963404ee24776fd8058607f38c1d8b902b5d87267982	https://cloud.r-project.org/bin/windows/contrib/4.6/later_1.4.8.zip
lattice	0.23-1	428a69cae1437e789ba8847d28a0e8fe7f6ed7b3baa362ed73d2dfe0adf545f1	https://cloud.r-project.org/bin/windows/contrib/4.6/lattice_0.23-1.zip
lazyeval	0.2.3	541c662868ca46b158694bf2ee70127356367ce496d2efe99c4caf02ff0e8335	https://cloud.r-project.org/bin/windows/contrib/4.6/lazyeval_0.2.3.zip
lifecycle	1.0.5	5931ecf002982c9a4a3062c0a083400854b97073addd944bffaccb94594f7cc0	https://cloud.r-project.org/bin/windows/contrib/4.6/lifecycle_1.0.5.zip
limma	3.68.4	6445113d09d596d2c3da29f3f36cbc74c3bc769ae54ebc342cf12833bc5b5f1e	https://bioconductor.org/packages/3.23/bioc/bin/windows/contrib/4.6/limma_3.68.4.zip
locfit	1.5-9.12	d4c5483b1dabd8fbffe32bd4abcc7054070d9519e71783bd750131ba6c4ee9ad	https://cloud.r-project.org/bin/windows/contrib/4.6/locfit_1.5-9.12.zip
magrittr	2.0.5	3acbc8aada0951d88da16bac7fddf194555eae7e02454c8af6bda652d31c7e8e	https://cloud.r-project.org/bin/windows/contrib/4.6/magrittr_2.0.5.zip
memoise	2.0.1	640d79e562547f78547d7da8e83195a1e05a7adbdec820e6e4640ffb27b79598	https://cloud.r-project.org/bin/windows/contrib/4.6/memoise_2.0.1.zip
mime	0.13	aebf2a458ec548692cb113d07e7aea47efb646d1430e47ed7b0105bb28f1a75d	https://cloud.r-project.org/bin/windows/contrib/4.6/mime_0.13.zip
openssl	2.4.2	b7ca05f17ac2aa5ecd9b15d8a07caea4f6bc1b0b90d0269e93a87a447b612731	https://cloud.r-project.org/bin/windows/contrib/4.6/openssl_2.4.2.zip
otel	0.2.0	53d60d45f89fe1c02205be8183aba9c56b24edf9714ab908c432061e3c817e00	https://cloud.r-project.org/bin/windows/contrib/4.6/otel_0.2.0.zip
pillar	1.11.1	4fd58fc6902fdad1546fca28dda384054b4d76f9d15df6d514744201256bfd93	https://cloud.r-project.org/bin/windows/contrib/4.6/pillar_1.11.1.zip
pkgconfig	2.0.3	3120552be1d7062fde8a01f0e3691b382b352903d31d3d3a7addc77c37aca9bf	https://cloud.r-project.org/bin/windows/contrib/4.6/pkgconfig_2.0.3.zip
plotly	4.12.1	64a65735e79a6189318fd8297ba0ddaeff658b8f1ca22fe14ea746eca0f5086b	https://cloud.r-project.org/bin/windows/contrib/4.6/plotly_4.12.1.zip
prettyunits	1.2.0	5a3661b12bd10fc7fb84324141ed76cda0cfbe09eb058a657407e7f963c8a8fc	https://cloud.r-project.org/bin/windows/contrib/4.6/prettyunits_1.2.0.zip
processx	3.9.0	417f4cbc28fe89260581b05367a7684ccc5e8606d834930dd0dd0b42c64e1a57	https://cloud.r-project.org/bin/windows/contrib/4.6/processx_3.9.0.zip
progress	1.2.3	929cff913946295b9596dca726fe17bdc3ae678de73218de793ccb08e3cf4694	https://cloud.r-project.org/bin/windows/contrib/4.6/progress_1.2.3.zip
promises	1.5.0	faeedc3e196489a9c91380c81d8ded3be104848b89632c2f0a2721ce7e01e278	https://cloud.r-project.org/bin/windows/contrib/4.6/promises_1.5.0.zip
ps	1.9.3	35585e4175827b590e39d7483446c4dfd3dea06a839f67bc78083cba1d4980ff	https://cloud.r-project.org/bin/windows/contrib/4.6/ps_1.9.3.zip
purrr	1.2.2	dbea641efa37afd50adec06a1e422531ef89451af20aeace40b22a8a610b47e4	https://cloud.r-project.org/bin/windows/contrib/4.6/purrr_1.2.2.zip
ragg	1.5.2	ae0558257a109b8262ce31a1a163c17cb69ef949b1221b331e9281f94fdf1fdd	https://cloud.r-project.org/bin/windows/contrib/4.6/ragg_1.5.2.zip
rappdirs	0.3.4	ce86992b062f86d9627cda69570901a6269676a3a049ad8266c1e694746494ee	https://cloud.r-project.org/bin/windows/contrib/4.6/rappdirs_0.3.4.zip
readxl	1.5.0	53f4197fa021e9450dce680bd46d6c6edf983c8e9e39f32cdef760312613cd39	https://cloud.r-project.org/bin/windows/contrib/4.6/readxl_1.5.0.zip
rematch	2.0.0	b6db8b16229e2855e92234e26b7752c664b4b4a33f22f26bbe525ab68a5ac207	https://cloud.r-project.org/bin/windows/contrib/4.6/rematch_2.0.0.zip
renv	1.2.4	212f3411710630f890a7a2d79361e88d04ad8815f52bca9fcfb494539c644830	https://cloud.r-project.org/bin/windows/contrib/4.6/renv_1.2.4.zip
rlang	1.3.0	bbb30f856e56202f4d1b011de571e9c83b671d57ed41c3e2d98d1d9b950179f2	https://cloud.r-project.org/bin/windows/contrib/4.6/rlang_1.3.0.zip
rmarkdown	2.32	a3852b713a1c2eee3ae49eb1f17587f86366042e9453cc175acefbdfeac372fc	https://cloud.r-project.org/bin/windows/contrib/4.6/rmarkdown_2.32.zip
sass	0.4.10	7ace1eab34958f583c6c35b7252efd869ec1ff6dd0fe02f807d4546ca1cf4038	https://cloud.r-project.org/bin/windows/contrib/4.6/sass_0.4.10.zip
scales	1.4.0	4eed86133f5ccc03fb186c0b0e4cfcd485266aecb80b0ebd6cd4679cbe90db98	https://cloud.r-project.org/bin/windows/contrib/4.6/scales_1.4.0.zip
shiny	1.14.0	b5df3f6e4a561699259cff5cf517abf33b30c5b1a19fd32eedf89844a5a051fd	https://cloud.r-project.org/bin/windows/contrib/4.6/shiny_1.14.0.zip
sourcetools	0.1.7-2	b3fd5302ee5893dbdebab61f1598e5530c7bd8cff4065d05713b0f3ddc9b6f9d	https://cloud.r-project.org/bin/windows/contrib/4.6/sourcetools_0.1.7-2.zip
statmod	1.5.2	a9c6add89af6c42531bae6084073c5e1377b218953f5ec077d163a144663e190	https://cloud.r-project.org/bin/windows/contrib/4.6/statmod_1.5.2.zip
stringi	1.8.9	9efc015dda4622aab581fb6f98f434f4f7e30cbcf7b69fe73f3468d09308ff33	https://cloud.r-project.org/bin/windows/contrib/4.6/stringi_1.8.9.zip
stringr	1.6.0	6e7df38d0a43047a200c15fc810b07753aec8ce6bae12d5078bd0c68b692f6ec	https://cloud.r-project.org/bin/windows/contrib/4.6/stringr_1.6.0.zip
svglite	2.2.2	1e9e414e8ad366cf66f74fdad5374260c11015997fd1abca6d056b3c77326ee4	https://cloud.r-project.org/bin/windows/contrib/4.6/svglite_2.2.2.zip
sys	3.4.3	e8496e483cc488ce2252877aaa5fb598c59e4361f300ffbb8b92283905c8f9da	https://cloud.r-project.org/bin/windows/contrib/4.6/sys_3.4.3.zip
systemfonts	1.3.2	e396f4055a0b7eb8c210a67d93688ac3c796f1da9ff12a59cc56fd7cf94ca8b2	https://cloud.r-project.org/bin/windows/contrib/4.6/systemfonts_1.3.2.zip
textshaping	1.0.5	c4aff6d84b0dfa1da546721d77be57a686992331504fd1e88915d8fcd313de0a	https://cloud.r-project.org/bin/windows/contrib/4.6/textshaping_1.0.5.zip
tibble	3.3.1	7762d8166c1a2a9d0ee32be5772f3c17d125412c502c0a085f7a063eaa2be183	https://cloud.r-project.org/bin/windows/contrib/4.6/tibble_3.3.1.zip
tidyr	1.3.2	b27a032728b935f03112057057a1a3e880b6093684e6ad449a42d14faefbdabb	https://cloud.r-project.org/bin/windows/contrib/4.6/tidyr_1.3.2.zip
tidyselect	1.2.1	192cee5ffcef7cd1a946dfc780827462bb42701397a09c7c6efa6c73ce3d6d64	https://cloud.r-project.org/bin/windows/contrib/4.6/tidyselect_1.2.1.zip
tinytex	0.60	cd20d25647f331f1456fb59a80066a7516f94660bf6fb7eab458d835f840e7c2	https://cloud.r-project.org/bin/windows/contrib/4.6/tinytex_0.60.zip
utf8	1.2.6	b49cf99a7c85962ef9e91cd10bb6b94b9841a92fc5e49cd220fac43d8b4e01ad	https://cloud.r-project.org/bin/windows/contrib/4.6/utf8_1.2.6.zip
vctrs	0.7.3	e5d03d73df4b2d956d0570f622c30e6cc5c4fdd64245edd4e63a1d42e1512140	https://cloud.r-project.org/bin/windows/contrib/4.6/vctrs_0.7.3.zip
viridisLite	0.4.3	9006c1cbfed5db989d42508c522ecfd84343049eb6ae0483644ed5e692007adb	https://cloud.r-project.org/bin/windows/contrib/4.6/viridisLite_0.4.3.zip
withr	3.0.3	fe628e71a6e16615544697901406024e330246f625316d0587e0a58a490c67f9	https://cloud.r-project.org/bin/windows/contrib/4.6/withr_3.0.3.zip
xfun	0.60	ed6e9d27ff776c3261750a077ec1d09f1535c9f660829dd895509ad36078168e	https://cloud.r-project.org/bin/windows/contrib/4.6/xfun_0.60.zip
xtable	1.8-8	fbae3cd2c00fe919f8d7dc1349f4204498cffe70bea19c7d725eed404c2c3e16	https://cloud.r-project.org/bin/windows/contrib/4.6/xtable_1.8-8.zip
yaml	2.3.12	1e95c6911a5db992f6757c80f156f7e4ac0a865de44e0b90d992ea057cf4ec71	https://cloud.r-project.org/bin/windows/contrib/4.6/yaml_2.3.12.zip
zip	3.0.2	7adf18a4c1f643172b66d0704649dfb39e03b2b19d8b7f91238fbb747f29d94f	https://cloud.r-project.org/bin/windows/contrib/4.6/zip_3.0.2.zip
